Metric,Value,Percentage
Accuracy,0.99335,99.335
Precision,0.9898712017006377,98.98712017006378
Recall,0.9312941176470588,93.12941176470588
F1-score,0.9596896405407044,95.96896405407044
ROC-AUC,0.9942238919961429,99.42238919961429
